Date,Open,High,Low,Close,Adj Close,Volume,Year,Month,Day,Name
2005-01-03,1211.920044,1217.800049,1200.319946,1202.079956,1202.079956,1510800000,2005,1,3,Monday
2005-01-10,1186.189941,1194.780029,1184.800049,1190.25,1190.25,1490400000,2005,1,10,Monday
2005-01-24,1167.869995,1173.030029,1163.75,1163.75,1163.75,1494600000,2005,1,24,Monday
2005-01-31,1171.359985,1182.069946,1171.359985,1181.27002,1181.27002,1679800000,2005,1,31,Monday
2005-02-07,1203.030029,1204.150024,1199.27002,1201.719971,1201.719971,1347270000,2005,2,7,Monday
2005-02-14,1205.300049,1206.930054,1203.589966,1206.140015,1206.140015,1290180000,2005,2,14,Monday
2005-02-28,1211.369995,1211.369995,1198.130005,1203.599976,1203.599976,1795480000,2005,2,28,Monday
2005-03-07,1222.119995,1229.109985,1222.119995,1225.310059,1225.310059,1488830000,2005,3,7,Monday
2005-03-14,1200.079956,1206.829956,1199.51001,1206.829956,1206.829956,1437430000,2005,3,14,Monday
2005-03-21,1189.650024,1189.650024,1178.819946,1183.780029,1183.780029,1819440000,2005,3,21,Monday
2005-03-28,1171.420044,1179.910034,1171.420044,1174.280029,1174.280029,1746220000,2005,3,28,Monday
2005-04-04,1172.790039,1178.609985,1167.719971,1176.119995,1176.119995,2079770000,2005,4,4,Monday
2005-04-11,1181.199951,1184.069946,1178.689941,1181.209961,1181.209961,1525310000,2005,4,11,Monday
2005-04-18,1142.619995,1148.920044,1139.800049,1145.97998,1145.97998,2180670000,2005,4,18,Monday
2005-04-25,1152.119995,1164.050049,1152.119995,1162.099976,1162.099976,1795030000,2005,4,25,Monday
2005-05-02,1156.849976,1162.869995,1154.709961,1162.160034,1162.160034,1980040000,2005,5,2,Monday
2005-05-09,1171.349976,1178.869995,1169.380005,1178.839966,1178.839966,1857020000,2005,5,9,Monday
2005-05-16,1154.050049,1165.75,1153.640015,1165.689941,1165.689941,1856860000,2005,5,16,Monday
2005-05-23,1189.280029,1197.439941,1188.76001,1193.859985,1193.859985,1681170000,2005,5,23,Monday
2005-06-06,1196.02002,1198.780029,1192.75,1197.51001,1197.51001,1547120000,2005,6,6,Monday
2005-06-13,1198.109985,1206.030029,1194.51001,1200.819946,1200.819946,1661350000,2005,6,13,Monday
2005-06-20,1216.959961,1219.099976,1210.650024,1216.099976,1216.099976,1714530000,2005,6,20,Monday
2005-06-27,1191.569946,1194.329956,1188.300049,1190.689941,1190.689941,1738620000,2005,6,27,Monday
2005-07-11,1211.859985,1220.030029,1211.859985,1219.439941,1219.439941,1846300000,2005,7,11,Monday
2005-07-18,1227.920044,1227.920044,1221.130005,1221.130005,1221.130005,1582100000,2005,7,18,Monday
2005-07-25,1233.680054,1238.359985,1228.150024,1229.030029,1229.030029,1717580000,2005,7,25,Monday
2005-08-01,1234.180054,1239.099976,1233.800049,1235.349976,1235.349976,1716870000,2005,8,1,Monday
2005-08-08,1226.420044,1232.280029,1222.670044,1223.130005,1223.130005,1804140000,2005,8,8,Monday
2005-08-15,1230.400024,1236.23999,1226.199951,1233.869995,1233.869995,1562880000,2005,8,15,Monday
2005-08-22,1219.709961,1228.959961,1216.469971,1221.72998,1221.72998,1621330000,2005,8,22,Monday
2005-08-29,1205.099976,1214.280029,1201.530029,1212.280029,1212.280029,1599450000,2005,8,29,Monday
2005-09-12,1241.47998,1242.599976,1239.150024,1240.560059,1240.560059,1938050000,2005,9,12,Monday
2005-09-19,1237.910034,1237.910034,1227.650024,1231.02002,1231.02002,2076540000,2005,9,19,Monday
2005-09-26,1215.290039,1222.560059,1211.839966,1215.630005,1215.630005,2022220000,2005,9,26,Monday
2005-10-03,1228.810059,1233.339966,1225.150024,1226.699951,1226.699951,2097490000,2005,10,3,Monday
2005-10-10,1195.900024,1196.52002,1186.119995,1187.329956,1187.329956,2195990000,2005,10,10,Monday
2005-10-17,1186.569946,1191.209961,1184.47998,1190.099976,1190.099976,2054570000,2005,10,17,Monday
2005-10-24,1179.589966,1199.390015,1179.589966,1199.380005,1199.380005,2197790000,2005,10,24,Monday
2005-10-31,1198.410034,1211.430054,1198.410034,1207.01001,1207.01001,2567470000,2005,10,31,Monday
2005-11-07,1220.140015,1224.180054,1217.290039,1222.810059,1222.810059,1987580000,2005,11,7,Monday
2005-11-14,1234.719971,1237.199951,1231.780029,1233.76001,1233.76001,1899780000,2005,11,14,Monday
2005-11-21,1248.27002,1255.890015,1246.900024,1254.849976,1254.849976,2117350000,2005,11,21,Monday
2005-11-28,1268.25,1268.439941,1257.170044,1257.459961,1257.459961,2016900000,2005,11,28,Monday
2005-12-05,1265.079956,1265.079956,1258.119995,1262.089966,1262.089966,2325840000,2005,12,5,Monday
2005-12-12,1259.369995,1263.859985,1255.52002,1260.430054,1260.430054,1876550000,2005,12,12,Monday
2005-12-19,1267.319946,1270.51001,1259.280029,1259.920044,1259.920044,2208810000,2005,12,19,Monday
2006-01-09,1285.449951,1290.780029,1284.819946,1290.150024,1290.150024,2301490000,2006,1,9,Monday
2006-01-23,1261.48999,1268.189941,1261.48999,1263.819946,1263.819946,2256070000,2006,1,23,Monday
2006-01-30,1283.719971,1287.939941,1283.51001,1285.189941,1285.189941,2282730000,2006,1,30,Monday
2006-02-06,1264.030029,1267.040039,1261.619995,1265.02002,1265.02002,2132360000,2006,2,6,Monday
2006-02-13,1266.98999,1266.98999,1258.339966,1262.859985,1262.859985,1850080000,2006,2,13,Monday
2006-02-27,1289.430054,1297.569946,1289.430054,1294.119995,1294.119995,1975320000,2006,2,27,Monday
2006-03-06,1287.22998,1288.22998,1275.670044,1278.26001,1278.26001,2280190000,2006,3,6,Monday
2006-03-13,1281.579956,1287.369995,1281.579956,1284.130005,1284.130005,2070330000,2006,3,13,Monday
2006-03-20,1307.25,1310.0,1303.589966,1305.079956,1305.079956,1976830000,2006,3,20,Monday
2006-03-27,1302.949951,1303.73999,1299.089966,1301.609985,1301.609985,2029700000,2006,3,27,Monday
2006-04-03,1302.880005,1309.189941,1296.650024,1297.810059,1297.810059,2494080000,2006,4,3,Monday
2006-04-10,1295.51001,1300.73999,1293.170044,1296.619995,1296.619995,1898320000,2006,4,10,Monday
2006-04-17,1289.119995,1292.449951,1280.73999,1285.329956,1285.329956,1794650000,2006,4,17,Monday
2006-04-24,1311.280029,1311.280029,1303.790039,1308.109985,1308.109985,2117330000,2006,4,24,Monday
2006-05-01,1310.609985,1317.209961,1303.459961,1305.189941,1305.189941,2437040000,2006,5,1,Monday
2006-05-08,1325.76001,1326.699951,1322.869995,1324.660034,1324.660034,2151300000,2006,5,8,Monday
2006-05-15,1291.189941,1294.810059,1284.51001,1294.5,1294.5,2505660000,2006,5,15,Monday
2006-05-22,1267.030029,1268.77002,1252.97998,1262.069946,1262.069946,2773010000,2006,5,22,Monday
2006-06-05,1288.160034,1288.160034,1264.660034,1265.290039,1265.290039,2313470000,2006,6,5,Monday
2006-06-12,1252.27002,1255.219971,1236.430054,1237.439941,1237.439941,2247010000,2006,6,12,Monday
2006-06-19,1251.540039,1255.930054,1237.170044,1240.130005,1240.130005,2517200000,2006,6,19,Monday
2006-06-26,1244.5,1250.920044,1243.680054,1250.560059,1250.560059,1878580000,2006,6,26,Monday
2006-07-03,1270.060059,1280.380005,1270.060059,1280.189941,1280.189941,1114470000,2006,7,3,Monday
2006-07-10,1265.459961,1274.060059,1264.459961,1267.339966,1267.339966,1854590000,2006,7,10,Monday
2006-07-17,1236.199951,1240.069946,1231.48999,1234.48999,1234.48999,2146410000,2006,7,17,Monday
2006-07-24,1240.25,1262.5,1240.25,1260.910034,1260.910034,2312720000,2006,7,24,Monday
2006-07-31,1278.530029,1278.660034,1274.310059,1276.660034,1276.660034,2461300000,2006,7,31,Monday
2006-08-07,1279.310059,1279.310059,1273.0,1275.77002,1275.77002,2045660000,2006,8,7,Monday
2006-08-14,1266.670044,1278.900024,1266.670044,1268.209961,1268.209961,2118020000,2006,8,14,Monday
2006-08-21,1302.300049,1302.300049,1295.51001,1297.52002,1297.52002,1759240000,2006,8,21,Monday
2006-08-28,1295.089966,1305.02002,1293.969971,1301.780029,1301.780029,1834920000,2006,8,28,Monday
2006-09-11,1298.859985,1302.359985,1290.930054,1299.540039,1299.540039,2506430000,2006,9,11,Monday
2006-09-18,1319.849976,1324.869995,1318.160034,1321.180054,1321.180054,2325080000,2006,9,18,Monday
2006-09-25,1314.780029,1329.349976,1311.579956,1326.369995,1326.369995,2710240000,2006,9,25,Monday
2006-10-02,1335.819946,1338.540039,1330.280029,1331.319946,1331.319946,2154480000,2006,10,2,Monday
2006-10-09,1349.579956,1352.689941,1346.550049,1350.660034,1350.660034,1935170000,2006,10,9,Monday
2006-10-16,1365.609985,1370.199951,1364.47998,1369.060059,1369.060059,2305920000,2006,10,16,Monday
2006-10-23,1368.579956,1377.400024,1363.939941,1377.02002,1377.02002,2480430000,2006,10,23,Monday
2006-10-30,1377.300049,1381.219971,1373.459961,1377.930054,1377.930054,2770440000,2006,10,30,Monday
2006-11-06,1364.27002,1381.400024,1364.27002,1379.780029,1379.780029,2533550000,2006,11,6,Monday
2006-11-13,1380.579956,1387.609985,1378.800049,1384.420044,1384.420044,2386340000,2006,11,13,Monday
2006-11-20,1401.170044,1404.369995,1397.849976,1400.5,1400.5,2546710000,2006,11,20,Monday
2006-11-27,1400.949951,1400.949951,1381.439941,1381.959961,1381.959961,2711210000,2006,11,27,Monday
2006-12-04,1396.670044,1411.22998,1396.670044,1409.119995,1409.119995,2766320000,2006,12,4,Monday
2006-12-11,1409.810059,1415.599976,1408.560059,1413.040039,1413.040039,2289900000,2006,12,11,Monday
2006-12-18,1427.079956,1431.810059,1420.650024,1422.47998,1422.47998,2568140000,2006,12,18,Monday
2007-01-08,1409.26001,1414.97998,1403.969971,1412.839966,1412.839966,2763340000,2007,1,8,Monday
2007-01-22,1430.469971,1431.390015,1420.400024,1422.949951,1422.949951,2540120000,2007,1,22,Monday
2007-01-29,1422.030029,1426.939941,1418.459961,1420.619995,1420.619995,2730480000,2007,1,29,Monday
2007-02-05,1448.329956,1449.380005,1443.849976,1446.98999,1446.98999,2439430000,2007,2,5,Monday
2007-02-12,1438.0,1439.109985,1431.439941,1433.369995,1433.369995,2395680000,2007,2,12,Monday
2007-02-26,1451.040039,1456.949951,1445.47998,1449.369995,1449.369995,2822170000,2007,2,26,Monday
2007-03-05,1387.109985,1391.859985,1373.969971,1374.119995,1374.119995,3480520000,2007,3,5,Monday
2007-03-12,1402.800049,1409.339966,1398.400024,1406.599976,1406.599976,2664000000,2007,3,12,Monday
2007-03-19,1386.949951,1403.199951,1386.949951,1402.060059,1402.060059,2777180000,2007,3,19,Monday
2007-03-26,1436.109985,1437.650024,1423.280029,1437.5,1437.5,2754660000,2007,3,26,Monday
2007-04-02,1420.829956,1425.48999,1416.369995,1424.550049,1424.550049,2875880000,2007,4,2,Monday
2007-04-09,1443.77002,1448.099976,1443.280029,1444.609985,1444.609985,2349410000,2007,4,9,Monday
2007-04-16,1452.839966,1468.619995,1452.839966,1468.329956,1468.329956,2870140000,2007,4,16,Monday
2007-04-23,1484.329956,1487.319946,1480.189941,1480.930054,1480.930054,2575020000,2007,4,23,Monday
2007-04-30,1494.069946,1497.160034,1482.290039,1482.369995,1482.369995,3093420000,2007,4,30,Monday
2007-05-07,1505.569946,1511.0,1505.540039,1509.47998,1509.47998,2545090000,2007,5,7,Monday
2007-05-14,1505.76001,1510.900024,1498.339966,1503.150024,1503.150024,2776130000,2007,5,14,Monday
2007-05-21,1522.75,1529.869995,1522.709961,1525.099976,1525.099976,3465360000,2007,5,21,Monday
2007-06-04,1536.280029,1540.530029,1532.310059,1539.180054,1539.180054,2738930000,2007,6,4,Monday
2007-06-11,1507.640015,1515.530029,1503.349976,1509.119995,1509.119995,2525280000,2007,6,11,Monday
2007-06-18,1532.900024,1535.439941,1529.310059,1531.050049,1531.050049,2480240000,2007,6,18,Monday
2007-06-25,1502.560059,1514.290039,1492.680054,1497.73999,1497.73999,3287250000,2007,6,25,Monday
2007-07-02,1504.660034,1519.449951,1504.660034,1519.430054,1519.430054,2648990000,2007,7,2,Monday
2007-07-09,1530.430054,1534.26001,1527.449951,1531.849976,1531.849976,2715330000,2007,7,9,Monday
2007-07-16,1552.5,1555.900024,1546.689941,1549.52002,1549.52002,2704110000,2007,7,16,Monday
2007-07-23,1534.060059,1547.22998,1534.060059,1541.569946,1541.569946,3102700000,2007,7,23,Monday
2007-07-30,1458.930054,1477.880005,1454.319946,1473.910034,1473.910034,4128780000,2007,7,30,Monday
2007-08-06,1433.040039,1467.670044,1427.390015,1467.670044,1467.670044,5067200000,2007,8,6,Monday
2007-08-13,1453.420044,1466.290039,1451.540039,1452.920044,1452.920044,3696280000,2007,8,13,Monday
2007-08-20,1445.939941,1451.75,1430.540039,1445.550049,1445.550049,3321340000,2007,8,20,Monday
2007-08-27,1479.359985,1479.359985,1465.97998,1466.790039,1466.790039,2406180000,2007,8,27,Monday
2007-09-10,1453.5,1462.25,1439.290039,1451.699951,1451.699951,2835720000,2007,9,10,Monday
2007-09-17,1484.23999,1484.23999,1471.819946,1476.650024,1476.650024,2598390000,2007,9,17,Monday
2007-09-24,1525.75,1530.180054,1516.150024,1517.72998,1517.72998,3131310000,2007,9,24,Monday
2007-10-01,1527.290039,1549.02002,1527.25,1547.040039,1547.040039,3281990000,2007,10,1,Monday
2007-10-08,1556.51001,1556.51001,1549.0,1552.579956,1552.579956,2040650000,2007,10,8,Monday
2007-10-15,1562.25,1564.73999,1540.810059,1548.709961,1548.709961,3139290000,2007,10,15,Monday
2007-10-22,1497.790039,1508.060059,1490.400024,1506.329956,1506.329956,3471830000,2007,10,22,Monday
2007-10-29,1536.920044,1544.670044,1536.430054,1540.97998,1540.97998,3124480000,2007,10,29,Monday
2007-11-05,1505.609985,1510.839966,1489.949951,1502.170044,1502.170044,3819330000,2007,11,5,Monday
2007-11-12,1453.660034,1464.939941,1438.530029,1439.180054,1439.180054,4192520000,2007,11,12,Monday
2007-11-19,1456.699951,1456.699951,1430.420044,1433.27002,1433.27002,4119650000,2007,11,19,Monday
2007-11-26,1440.73999,1446.089966,1406.099976,1407.219971,1407.219971,3706470000,2007,11,26,Monday
2007-12-03,1479.630005,1481.160034,1470.079956,1472.420044,1472.420044,3323250000,2007,12,3,Monday
2007-12-10,1505.109985,1518.27002,1504.959961,1515.959961,1515.959961,2911760000,2007,12,10,Monday
2007-12-17,1465.050049,1465.050049,1445.430054,1445.900024,1445.900024,3569030000,2007,12,17,Monday
2007-12-24,1484.550049,1497.630005,1484.550049,1496.449951,1496.449951,1267420000,2007,12,24,Monday
2007-12-31,1475.25,1475.829956,1465.130005,1468.359985,1468.359985,2440880000,2007,12,31,Monday
2008-01-07,1414.069946,1423.869995,1403.449951,1416.180054,1416.180054,4221260000,2008,1,7,Monday
2008-01-14,1402.910034,1417.890015,1402.910034,1416.25,1416.25,3682090000,2008,1,14,Monday
2008-01-28,1330.699951,1353.969971,1322.26001,1353.959961,1353.959961,4100930000,2008,1,28,Monday
2008-02-04,1395.380005,1395.380005,1379.689941,1380.819946,1380.819946,3495780000,2008,2,4,Monday
2008-02-11,1331.920044,1341.400024,1320.319946,1339.130005,1339.130005,3593140000,2008,2,11,Monday
2008-02-25,1352.75,1374.359985,1346.030029,1371.800049,1371.800049,3866350000,2008,2,25,Monday
2008-03-03,1330.449951,1335.130005,1320.040039,1331.339966,1331.339966,4117570000,2008,3,3,Monday
2008-03-10,1293.160034,1295.01001,1272.660034,1273.369995,1273.369995,4261240000,2008,3,10,Monday
2008-03-17,1283.209961,1287.5,1256.97998,1276.599976,1276.599976,5683010000,2008,3,17,Monday
2008-03-24,1330.290039,1359.680054,1330.290039,1349.880005,1349.880005,4499000000,2008,3,24,Monday
2008-03-31,1315.920044,1328.52002,1312.810059,1322.699951,1322.699951,4188990000,2008,3,31,Monday
2008-04-07,1373.689941,1386.73999,1369.02002,1372.540039,1372.540039,3747780000,2008,4,7,Monday
2008-04-14,1332.199951,1335.640015,1326.160034,1328.319946,1328.319946,3565020000,2008,4,14,Monday
2008-04-21,1387.719971,1390.22998,1379.25,1388.170044,1388.170044,3420570000,2008,4,21,Monday
2008-04-28,1397.959961,1402.900024,1394.400024,1396.369995,1396.369995,3607000000,2008,4,28,Monday
2008-05-05,1415.339966,1415.339966,1404.369995,1407.48999,1407.48999,3410090000,2008,5,5,Monday
2008-05-12,1389.400024,1404.060059,1386.199951,1403.579956,1403.579956,3370630000,2008,5,12,Monday
2008-05-19,1425.280029,1440.23999,1421.630005,1426.630005,1426.630005,3683970000,2008,5,19,Monday
2008-06-02,1399.619995,1399.619995,1377.790039,1385.670044,1385.670044,3714320000,2008,6,2,Monday
2008-06-09,1360.829956,1370.630005,1350.619995,1361.76001,1361.76001,4404570000,2008,6,9,Monday
2008-06-16,1358.849976,1364.699951,1352.069946,1360.140015,1360.140015,3706940000,2008,6,16,Monday
2008-06-23,1319.77002,1323.780029,1315.310059,1318.0,1318.0,4186370000,2008,6,23,Monday
2008-06-30,1278.060059,1290.310059,1274.859985,1280.0,1280.0,5032330000,2008,6,30,Monday
2008-07-07,1262.900024,1273.949951,1240.680054,1252.310059,1252.310059,5265420000,2008,7,7,Monday
2008-07-14,1241.609985,1253.5,1225.01001,1228.300049,1228.300049,5434860000,2008,7,14,Monday
2008-07-21,1261.819946,1267.73999,1255.699951,1260.0,1260.0,4630640000,2008,7,21,Monday
2008-07-28,1257.76001,1260.089966,1234.369995,1234.369995,1234.369995,4282960000,2008,7,28,Monday
2008-08-04,1253.27002,1260.48999,1247.449951,1249.01001,1249.01001,4562280000,2008,8,4,Monday
2008-08-11,1294.420044,1313.150024,1291.410034,1305.319946,1305.319946,5067310000,2008,8,11,Monday
2008-08-18,1298.140015,1300.219971,1274.51001,1278.599976,1278.599976,3829290000,2008,8,18,Monday
2008-08-25,1290.469971,1290.469971,1264.869995,1266.839966,1266.839966,3420600000,2008,8,25,Monday
2008-09-08,1249.5,1274.420044,1247.119995,1267.790039,1267.790039,7351340000,2008,9,8,Monday
2008-09-15,1250.920044,1250.920044,1192.699951,1192.699951,1192.699951,8279510000,2008,9,15,Monday
2008-09-22,1255.369995,1255.369995,1205.609985,1207.089966,1207.089966,5368130000,2008,9,22,Monday
2008-09-29,1209.069946,1209.069946,1106.420044,1106.420044,1106.420044,7305060000,2008,9,29,Monday
2008-10-06,1097.560059,1097.560059,1007.9699710000001,1056.890015,1056.890015,7956020000,2008,10,6,Monday
2008-10-13,912.75,1006.929993,912.75,1003.349976,1003.349976,7263370000,2008,10,13,Monday
2008-10-20,943.51001,985.400024,943.51001,985.400024,985.400024,5175640000,2008,10,20,Monday
2008-10-27,874.2800289999999,893.7800289999999,846.75,848.919983,848.919983,5558050000,2008,10,27,Monday
2008-11-03,968.669983,975.570007,958.820007,966.2999880000001,966.2999880000001,4492280000,2008,11,3,Monday
2008-11-10,936.75,951.9500119999999,907.4699710000001,919.2100220000001,919.2100220000001,4572000000,2008,11,10,Monday
2008-11-17,873.2299800000001,882.2899779999999,848.9799800000001,850.75,850.75,4927490000,2008,11,17,Monday
2008-11-24,801.200012,865.599976,801.200012,851.8099980000001,851.8099980000001,7879440000,2008,11,24,Monday
2008-12-01,888.6099849999999,888.6099849999999,815.6900019999999,816.210022,816.210022,6052010000,2008,12,1,Monday
2008-12-08,882.7100220000001,918.570007,882.7100220000001,909.7000119999999,909.7000119999999,6553600000,2008,12,8,Monday
2008-12-15,881.070007,884.6300050000001,857.7199710000001,868.570007,868.570007,4982390000,2008,12,15,Monday
2008-12-22,887.2000119999999,887.3699949999999,857.090027,871.6300050000001,871.6300050000001,4869850000,2008,12,22,Monday
2008-12-29,872.3699949999999,873.7000119999999,857.070007,869.419983,869.419983,3323430000,2008,12,29,Monday
2009-01-05,929.169983,936.6300050000001,919.5300289999999,927.4500119999999,927.4500119999999,5413910000,2009,1,5,Monday
2009-01-12,890.400024,890.400024,864.320007,870.26001,870.26001,4725050000,2009,1,12,Monday
2009-01-26,832.5,852.5300289999999,827.6900019999999,836.570007,836.570007,6039940000,2009,1,26,Monday
2009-02-02,823.090027,830.780029,812.869995,825.4400019999999,825.4400019999999,5673270000,2009,2,2,Monday
2009-02-09,868.23999,875.01001,861.650024,869.8900150000001,869.8900150000001,5574370000,2009,2,9,Monday
2009-02-23,773.25,777.849976,742.369995,743.330017,743.330017,6509300000,2009,2,23,Monday
2009-03-02,729.570007,729.570007,699.700012,700.820007,700.820007,7868290000,2009,3,2,Monday
2009-03-09,680.76001,695.27002,672.880005,676.530029,676.530029,7277320000,2009,3,9,Monday
2009-03-16,758.840027,774.530029,753.369995,753.8900150000001,753.8900150000001,7883540000,2009,3,16,Monday
2009-03-23,772.3099980000001,823.369995,772.3099980000001,822.919983,822.919983,7715770000,2009,3,23,Monday
2009-03-30,809.070007,809.070007,779.8099980000001,787.530029,787.530029,5912660000,2009,3,30,Monday
2009-04-06,839.75,839.75,822.789978,835.47998,835.47998,6210000000,2009,4,6,Monday
2009-04-13,855.330017,864.3099980000001,845.349976,858.7299800000001,858.7299800000001,6434890000,2009,4,13,Monday
2009-04-20,868.2700199999999,868.2700199999999,832.3900150000001,832.3900150000001,832.3900150000001,6973960000,2009,4,20,Monday
2009-04-27,862.820007,868.830017,854.650024,857.51001,857.51001,5613460000,2009,4,27,Monday
2009-05-04,879.2100220000001,907.849976,879.2100220000001,907.23999,907.23999,7038840000,2009,5,4,Monday
2009-05-11,922.98999,922.98999,908.679993,909.23999,909.23999,6150600000,2009,5,11,Monday
2009-05-18,886.070007,910.0,886.070007,909.7100220000001,909.7100220000001,5702150000,2009,5,18,Monday
2009-06-01,923.26001,947.7700199999999,923.26001,942.8699949999999,942.8699949999999,6370440000,2009,6,1,Monday
2009-06-08,938.1199949999999,946.330017,926.4400019999999,939.1400150000001,939.1400150000001,4483430000,2009,6,8,Monday
2009-06-15,942.4500119999999,942.4500119999999,919.650024,923.7199710000001,923.7199710000001,4697880000,2009,6,15,Monday
2009-06-22,918.1300050000001,918.1300050000001,893.0399779999999,893.0399779999999,893.0399779999999,4903940000,2009,6,22,Monday
2009-06-29,919.8599849999999,927.98999,916.179993,927.2299800000001,927.2299800000001,4211760000,2009,6,29,Monday
2009-07-06,894.2700199999999,898.7199710000001,886.3599849999999,898.7199710000001,898.7199710000001,4712580000,2009,7,6,Monday
2009-07-13,879.570007,901.0499880000001,875.320007,901.0499880000001,901.0499880000001,4499440000,2009,7,13,Monday
2009-07-20,942.070007,951.6199949999999,940.98999,951.1300050000001,951.1300050000001,4853150000,2009,7,20,Monday
2009-07-27,978.6300050000001,982.48999,972.2899779999999,982.179993,982.179993,4631290000,2009,7,27,Monday
2009-08-03,990.2199710000001,1003.6099849999999,990.2199710000001,1002.6300050000001,1002.6300050000001,5603440000,2009,8,3,Monday
2009-08-10,1008.8900150000001,1010.1199949999999,1000.98999,1007.099976,1007.099976,5406080000,2009,8,10,Monday
2009-08-17,998.179993,998.179993,978.51001,979.7299800000001,979.7299800000001,4088570000,2009,8,17,Monday
2009-08-24,1026.589966,1035.819946,1022.4799800000001,1025.569946,1025.569946,6302450000,2009,8,24,Monday
2009-08-31,1025.209961,1025.209961,1014.6199949999999,1020.6199949999999,1020.6199949999999,5004560000,2009,8,31,Monday
2009-09-14,1040.150024,1049.73999,1035.0,1049.339966,1049.339966,4979610000,2009,9,14,Monday
2009-09-21,1067.140015,1067.280029,1057.459961,1064.660034,1064.660034,4615280000,2009,9,21,Monday
2009-09-28,1045.380005,1065.130005,1045.380005,1062.97998,1062.97998,3726950000,2009,9,28,Monday
2009-10-05,1026.869995,1042.579956,1025.920044,1040.459961,1040.459961,4313310000,2009,10,5,Monday
2009-10-12,1071.630005,1079.459961,1071.630005,1076.189941,1076.189941,3710430000,2009,10,12,Monday
2009-10-19,1088.219971,1100.170044,1086.47998,1097.910034,1097.910034,4619240000,2009,10,19,Monday
2009-10-26,1080.359985,1091.75,1065.22998,1066.949951,1066.949951,6363380000,2009,10,26,Monday
2009-11-02,1036.180054,1052.180054,1029.380005,1042.880005,1042.880005,6202640000,2009,11,2,Monday
2009-11-09,1072.310059,1093.189941,1072.310059,1093.079956,1093.079956,4460030000,2009,11,9,Monday
2009-11-16,1094.130005,1113.689941,1094.130005,1109.300049,1109.300049,4565850000,2009,11,16,Monday
2009-11-23,1094.859985,1112.380005,1094.859985,1106.23999,1106.23999,3827920000,2009,11,23,Monday
2009-11-30,1091.069946,1097.23999,1086.25,1095.630005,1095.630005,3895520000,2009,11,30,Monday
2009-12-07,1105.52002,1110.719971,1100.829956,1103.25,1103.25,4103360000,2009,12,7,Monday
2009-12-14,1107.839966,1114.76001,1107.839966,1114.109985,1114.109985,4548490000,2009,12,14,Monday
2009-12-21,1105.310059,1117.680054,1105.310059,1114.050049,1114.050049,3977340000,2009,12,21,Monday
2009-12-28,1127.530029,1130.380005,1123.51001,1127.780029,1127.780029,2716400000,2009,12,28,Monday
2010-01-04,1116.560059,1133.869995,1116.560059,1132.98999,1132.98999,3991400000,2010,1,4,Monday
2010-01-11,1145.959961,1149.73999,1142.02002,1146.97998,1146.97998,4255780000,2010,1,11,Monday
2010-01-25,1092.400024,1102.969971,1092.400024,1096.780029,1096.780029,4481390000,2010,1,25,Monday
2010-02-01,1073.890015,1089.380005,1073.890015,1089.189941,1089.189941,4077610000,2010,2,1,Monday
2010-02-08,1065.51001,1071.199951,1056.51001,1056.73999,1056.73999,4089820000,2010,2,8,Monday
2010-02-22,1110.0,1112.290039,1105.380005,1108.01001,1108.01001,3814440000,2010,2,22,Monday
2010-03-01,1105.359985,1116.109985,1105.359985,1115.709961,1115.709961,3847640000,2010,3,1,Monday
2010-03-08,1138.400024,1141.050049,1136.77002,1138.5,1138.5,3774680000,2010,3,8,Monday
2010-03-15,1148.530029,1150.97998,1141.449951,1150.51001,1150.51001,4164110000,2010,3,15,Monday
2010-03-22,1157.25,1167.819946,1152.880005,1165.810059,1165.810059,4261680000,2010,3,22,Monday
2010-03-29,1167.709961,1174.849976,1167.709961,1173.219971,1173.219971,4375580000,2010,3,29,Monday
2010-04-05,1178.709961,1187.72998,1178.709961,1187.439941,1187.439941,3881620000,2010,4,5,Monday
2010-04-12,1194.939941,1199.199951,1194.709961,1196.47998,1196.47998,4607090000,2010,4,12,Monday
2010-04-19,1192.060059,1197.869995,1183.680054,1197.52002,1197.52002,6597740000,2010,4,19,Monday
2010-04-26,1217.069946,1219.800049,1211.069946,1212.050049,1212.050049,5647760000,2010,4,26,Monday
2010-05-03,1188.579956,1205.130005,1188.579956,1202.26001,1202.26001,4938050000,2010,5,3,Monday
2010-05-10,1122.27002,1163.849976,1122.27002,1159.72998,1159.72998,6893700000,2010,5,10,Monday
2010-05-17,1136.52002,1141.880005,1114.959961,1136.939941,1136.939941,5922920000,2010,5,17,Monday
2010-05-24,1084.780029,1089.949951,1072.699951,1073.650024,1073.650024,5224040000,2010,5,24,Monday
2010-06-07,1065.839966,1071.359985,1049.859985,1050.469971,1050.469971,5467560000,2010,6,7,Monday
2010-06-14,1095.0,1105.910034,1089.030029,1089.630005,1089.630005,4425830000,2010,6,14,Monday
2010-06-21,1122.790039,1131.22998,1108.23999,1113.199951,1113.199951,4514360000,2010,6,21,Monday
2010-06-28,1077.5,1082.599976,1071.449951,1074.569946,1074.569946,3896410000,2010,6,28,Monday
2010-07-12,1077.22998,1080.780029,1070.449951,1078.75,1078.75,3426990000,2010,7,12,Monday
2010-07-19,1066.849976,1074.699951,1061.109985,1071.25,1071.25,4089500000,2010,7,19,Monday
2010-07-26,1102.890015,1115.01001,1101.300049,1115.01001,1115.01001,4009650000,2010,7,26,Monday
2010-08-02,1107.530029,1127.300049,1107.530029,1125.859985,1125.859985,4144180000,2010,8,2,Monday
2010-08-09,1122.800049,1129.23999,1120.910034,1127.790039,1127.790039,3979360000,2010,8,9,Monday
2010-08-16,1077.48999,1082.619995,1069.48999,1079.380005,1079.380005,3142450000,2010,8,16,Monday
2010-08-23,1073.359985,1081.579956,1067.079956,1067.359985,1067.359985,3210950000,2010,8,23,Monday
2010-08-30,1062.900024,1064.400024,1048.790039,1048.920044,1048.920044,2917990000,2010,8,30,Monday
2010-09-13,1113.380005,1123.869995,1113.380005,1121.900024,1121.900024,4521050000,2010,9,13,Monday
2010-09-20,1126.569946,1144.859985,1126.569946,1142.709961,1142.709961,3364080000,2010,9,20,Monday
2010-09-27,1148.640015,1149.920044,1142.0,1142.160034,1142.160034,3587860000,2010,9,27,Monday
2010-10-04,1144.959961,1148.160034,1131.869995,1137.030029,1137.030029,3604110000,2010,10,4,Monday
2010-10-11,1165.319946,1168.680054,1162.02002,1165.319946,1165.319946,2505900000,2010,10,11,Monday
2010-10-18,1176.829956,1185.530029,1174.550049,1184.709961,1184.709961,4450050000,2010,10,18,Monday
2010-10-25,1184.73999,1196.140015,1184.73999,1185.619995,1185.619995,4221380000,2010,10,25,Monday
2010-11-01,1185.709961,1195.810059,1177.650024,1184.380005,1184.380005,4129180000,2010,11,1,Monday
2010-11-08,1223.23999,1224.569946,1217.550049,1223.25,1223.25,3937230000,2010,11,8,Monday
2010-11-15,1200.439941,1207.430054,1197.150024,1197.75,1197.75,3503370000,2010,11,15,Monday
2010-11-22,1198.069946,1198.939941,1184.579956,1197.839966,1197.839966,3689500000,2010,11,22,Monday
2010-11-29,1189.079956,1190.339966,1173.640015,1187.76001,1187.76001,3673450000,2010,11,29,Monday
2010-12-06,1223.869995,1225.800049,1220.670044,1223.119995,1223.119995,3527370000,2010,12,6,Monday
2010-12-13,1242.52002,1246.72998,1240.339966,1240.459961,1240.459961,4361240000,2010,12,13,Monday
2010-12-20,1245.76001,1250.199951,1241.51001,1247.079956,1247.079956,3548140000,2010,12,20,Monday
2010-12-27,1254.660034,1258.430054,1251.47998,1257.540039,1257.540039,1992470000,2010,12,27,Monday
2011-01-03,1257.619995,1276.170044,1257.619995,1271.869995,1271.869995,4286670000,2011,1,3,Monday
2011-01-10,1270.839966,1271.52002,1262.180054,1269.75,1269.75,4036450000,2011,1,10,Monday
2011-01-24,1283.290039,1291.930054,1282.469971,1290.839966,1290.839966,3902470000,2011,1,24,Monday
2011-01-31,1276.5,1287.170044,1276.5,1286.119995,1286.119995,4167160000,2011,1,31,Monday
2011-02-07,1311.849976,1322.849976,1311.849976,1319.050049,1319.050049,3902270000,2011,2,7,Monday
2011-02-14,1328.72998,1332.959961,1326.900024,1332.319946,1332.319946,3567040000,2011,2,14,Monday
2011-02-28,1321.609985,1329.380005,1320.550049,1327.219971,1327.219971,1252850000,2011,2,28,Monday
2011-03-07,1322.719971,1327.680054,1303.98999,1310.130005,1310.130005,3964730000,2011,3,7,Monday
2011-03-14,1301.189941,1301.189941,1286.369995,1296.390015,1296.390015,4050370000,2011,3,14,Monday
2011-03-21,1281.650024,1300.579956,1281.650024,1298.380005,1298.380005,4223730000,2011,3,21,Monday
2011-03-28,1315.449951,1319.73999,1310.189941,1310.189941,1310.189941,3215170000,2011,3,28,Monday
2011-04-04,1333.560059,1336.73999,1329.099976,1332.869995,1332.869995,4223740000,2011,4,4,Monday
2011-04-11,1329.01001,1333.77002,1321.060059,1324.459961,1324.459961,3478970000,2011,4,11,Monday
2011-04-18,1313.349976,1313.349976,1294.699951,1305.140015,1305.140015,4223740000,2011,4,18,Monday
2011-04-25,1337.140015,1337.550049,1331.469971,1335.25,1335.25,2142130000,2011,4,25,Monday
2011-05-02,1365.209961,1370.579956,1358.589966,1361.219971,1361.219971,3846250000,2011,5,2,Monday
2011-05-09,1340.199951,1349.439941,1338.640015,1346.290039,1346.290039,4265250000,2011,5,9,Monday
2011-05-16,1334.77002,1343.329956,1327.319946,1329.469971,1329.469971,3846250000,2011,5,16,Monday
2011-05-23,1333.069946,1333.069946,1312.880005,1317.369995,1317.369995,3255580000,2011,5,23,Monday
2011-06-06,1300.26001,1300.26001,1284.719971,1286.170044,1286.170044,3555980000,2011,6,6,Monday
2011-06-13,1271.310059,1277.040039,1265.640015,1271.829956,1271.829956,4132520000,2011,6,13,Monday
2011-06-20,1271.5,1280.420044,1267.560059,1278.359985,1278.359985,3464660000,2011,6,20,Monday
2011-06-27,1268.439941,1284.910034,1267.530029,1280.099976,1280.099976,3479070000,2011,6,27,Monday
2011-07-11,1343.310059,1343.310059,1316.420044,1319.48999,1319.48999,3879130000,2011,7,11,Monday
2011-07-18,1315.939941,1315.939941,1295.920044,1305.439941,1305.439941,4118160000,2011,7,18,Monday
2011-07-25,1344.319946,1344.319946,1331.089966,1337.430054,1337.430054,3536890000,2011,7,25,Monday
2011-08-01,1292.589966,1307.380005,1274.72998,1286.939941,1286.939941,4967390000,2011,8,1,Monday
2011-08-08,1198.47998,1198.47998,1119.280029,1119.459961,1119.459961,2615150000,2011,8,8,Monday
2011-08-15,1178.859985,1204.48999,1178.859985,1204.48999,1204.48999,4272850000,2011,8,15,Monday
2011-08-22,1123.550049,1145.48999,1121.089966,1123.819946,1123.819946,5436260000,2011,8,22,Monday
2011-08-29,1177.910034,1210.280029,1177.910034,1210.079956,1210.079956,4228070000,2011,8,29,Monday
2011-09-12,1153.5,1162.52002,1136.069946,1162.27002,1162.27002,5168550000,2011,9,12,Monday
2011-09-19,1214.98999,1214.98999,1188.359985,1204.089966,1204.089966,4254190000,2011,9,19,Monday
2011-09-26,1136.910034,1164.189941,1131.069946,1162.949951,1162.949951,4762830000,2011,9,26,Monday
2011-10-03,1131.209961,1138.98999,1098.920044,1099.22998,1099.22998,5670340000,2011,10,3,Monday
2011-10-10,1158.150024,1194.910034,1158.150024,1194.890015,1194.890015,4446800000,2011,10,10,Monday
2011-10-17,1224.469971,1224.469971,1198.550049,1200.859985,1200.859985,4300700000,2011,10,17,Monday
2011-10-24,1238.719971,1256.550049,1238.719971,1254.189941,1254.189941,4309380000,2011,10,24,Monday
2011-10-31,1284.959961,1284.959961,1253.160034,1253.300049,1253.300049,4310210000,2011,10,31,Monday
2011-11-07,1253.209961,1261.699951,1240.75,1261.119995,1261.119995,3429740000,2011,11,7,Monday
2011-11-14,1263.849976,1263.849976,1246.680054,1251.780029,1251.780029,3219680000,2011,11,14,Monday
2011-11-21,1215.619995,1215.619995,1183.160034,1192.97998,1192.97998,4050070000,2011,11,21,Monday
2011-11-28,1158.670044,1197.349976,1158.670044,1192.550049,1192.550049,3920750000,2011,11,28,Monday
2011-12-05,1244.329956,1266.72998,1244.329956,1257.079956,1257.079956,4148060000,2011,12,5,Monday
2011-12-12,1255.050049,1255.050049,1227.25,1236.469971,1236.469971,3600570000,2011,12,12,Monday
2011-12-19,1219.73999,1224.569946,1202.369995,1205.349976,1205.349976,3659820000,2011,12,19,Monday
2012-01-09,1277.829956,1281.98999,1274.550049,1280.699951,1280.699951,3371600000,2012,1,9,Monday
2012-01-23,1315.290039,1322.280029,1309.890015,1316.0,1316.0,3770910000,2012,1,23,Monday
2012-01-30,1316.160034,1316.160034,1300.48999,1313.01001,1313.01001,3659010000,2012,1,30,Monday
2012-02-06,1344.319946,1344.359985,1337.52002,1344.329956,1344.329956,3379700000,2012,2,6,Monday
2012-02-13,1343.060059,1353.349976,1343.060059,1351.77002,1351.77002,3618040000,2012,2,13,Monday
2012-02-27,1365.199951,1371.939941,1354.920044,1367.589966,1367.589966,3648890000,2012,2,27,Monday
2012-03-05,1369.589966,1369.589966,1359.130005,1364.329956,1364.329956,3429480000,2012,3,5,Monday
2012-03-12,1370.780029,1373.040039,1366.689941,1371.089966,1371.089966,3081870000,2012,3,12,Monday
2012-03-19,1404.170044,1414.0,1402.430054,1409.75,1409.75,3932570000,2012,3,19,Monday
2012-03-26,1397.109985,1416.579956,1397.109985,1416.51001,1416.51001,3576950000,2012,3,26,Monday
2012-04-02,1408.469971,1422.380005,1404.459961,1419.040039,1419.040039,3572010000,2012,4,2,Monday
2012-04-09,1397.449951,1397.449951,1378.23999,1382.199951,1382.199951,3468980000,2012,4,9,Monday
2012-04-16,1370.27002,1379.660034,1365.380005,1369.569946,1369.569946,3574780000,2012,4,16,Monday
2012-04-23,1378.530029,1378.530029,1358.790039,1366.939941,1366.939941,3654860000,2012,4,23,Monday
2012-04-30,1403.26001,1403.26001,1394.0,1397.910034,1397.910034,3574010000,2012,4,30,Monday
2012-05-07,1368.790039,1373.910034,1363.939941,1369.579956,1369.579956,3559390000,2012,5,7,Monday
2012-05-14,1351.930054,1351.930054,1336.609985,1338.349976,1338.349976,3688120000,2012,5,14,Monday
2012-05-21,1295.72998,1316.390015,1295.72998,1315.98999,1315.98999,3786750000,2012,5,21,Monday
2012-06-04,1278.290039,1282.550049,1266.73999,1278.180054,1278.180054,4011960000,2012,6,4,Monday
2012-06-11,1325.719971,1335.52002,1307.72998,1308.930054,1308.930054,3537530000,2012,6,11,Monday
2012-06-18,1342.420044,1348.219971,1334.459961,1344.780029,1344.780029,3259430000,2012,6,18,Monday
2012-06-25,1334.900024,1334.900024,1309.27002,1313.719971,1313.719971,3501820000,2012,6,25,Monday
2012-07-02,1362.329956,1366.349976,1355.699951,1365.51001,1365.51001,3301650000,2012,7,2,Monday
2012-07-09,1354.660034,1354.869995,1346.650024,1352.459961,1352.459961,2904860000,2012,7,9,Monday
2012-07-16,1356.5,1357.26001,1348.51001,1353.640015,1353.640015,2862720000,2012,7,16,Monday
2012-07-23,1362.339966,1362.339966,1337.560059,1350.52002,1350.52002,3717180000,2012,7,23,Monday
2012-07-30,1385.939941,1391.73999,1381.369995,1385.300049,1385.300049,3212060000,2012,7,30,Monday
2012-08-06,1391.040039,1399.630005,1391.040039,1394.22998,1394.22998,3122050000,2012,8,6,Monday
2012-08-13,1405.869995,1405.869995,1397.319946,1404.109985,1404.109985,2499990000,2012,8,13,Monday
2012-08-20,1417.849976,1418.130005,1412.119995,1418.130005,1418.130005,2766320000,2012,8,20,Monday
2012-08-27,1411.130005,1416.170044,1409.109985,1410.439941,1410.439941,2472500000,2012,8,27,Monday
2012-09-10,1437.920044,1438.73999,1428.97998,1429.079956,1429.079956,3223670000,2012,9,10,Monday
2012-09-17,1465.420044,1465.630005,1457.550049,1461.189941,1461.189941,3482430000,2012,9,17,Monday
2012-09-24,1459.76001,1460.719971,1452.060059,1456.890015,1456.890015,3008920000,2012,9,24,Monday
2012-10-01,1440.900024,1457.140015,1440.900024,1444.48999,1444.48999,3505080000,2012,10,1,Monday
2012-10-08,1460.930054,1460.930054,1453.099976,1455.880005,1455.880005,2328720000,2012,10,8,Monday
2012-10-15,1428.75,1441.310059,1427.23999,1440.130005,1440.130005,3483810000,2012,10,15,Monday
2012-10-22,1433.209961,1435.459961,1422.060059,1433.819946,1433.819946,3216220000,2012,10,22,Monday
2012-11-05,1414.02002,1419.900024,1408.130005,1417.26001,1417.26001,2921040000,2012,11,5,Monday
2012-11-12,1379.859985,1384.869995,1377.189941,1380.030029,1380.030029,2567540000,2012,11,12,Monday
2012-11-19,1359.880005,1386.890015,1359.880005,1386.890015,1386.890015,3374800000,2012,11,19,Monday
2012-11-26,1409.150024,1409.150024,1397.680054,1406.290039,1406.290039,2948960000,2012,11,26,Monday
2012-12-03,1416.339966,1423.72998,1408.459961,1409.459961,1409.459961,3074280000,2012,12,3,Monday
2012-12-10,1418.069946,1421.640015,1415.640015,1418.550049,1418.550049,2999430000,2012,12,10,Monday
2012-12-17,1413.540039,1430.670044,1413.540039,1430.359985,1430.359985,3455610000,2012,12,17,Monday
2012-12-24,1430.150024,1430.150024,1424.660034,1426.660034,1426.660034,1248960000,2012,12,24,Monday
2012-12-31,1402.430054,1426.73999,1398.109985,1426.189941,1426.189941,3204330000,2012,12,31,Monday
2013-01-07,1466.469971,1466.469971,1456.619995,1461.890015,1461.890015,3304970000,2013,1,7,Monday
2013-01-14,1472.050049,1472.050049,1465.689941,1470.680054,1470.680054,3003010000,2013,1,14,Monday
2013-01-28,1502.959961,1503.22998,1496.329956,1500.180054,1500.180054,3388540000,2013,1,28,Monday
2013-02-04,1513.170044,1513.170044,1495.02002,1495.709961,1495.709961,3390000000,2013,2,4,Monday
2013-02-11,1517.930054,1518.310059,1513.609985,1517.01001,1517.01001,2684100000,2013,2,11,Monday
2013-02-25,1515.599976,1525.839966,1487.849976,1487.849976,1487.849976,4011050000,2013,2,25,Monday
2013-03-04,1518.199951,1525.27002,1512.290039,1525.199951,1525.199951,3414430000,2013,3,4,Monday
2013-03-11,1551.150024,1556.27002,1547.359985,1556.219971,1556.219971,3091080000,2013,3,11,Monday
2013-03-18,1560.699951,1560.699951,1545.130005,1552.099976,1552.099976,3164560000,2013,3,18,Monday
2013-03-25,1556.890015,1564.910034,1546.219971,1551.689941,1551.689941,3178170000,2013,3,25,Monday
2013-04-01,1569.180054,1570.569946,1558.469971,1562.170044,1562.170044,2753110000,2013,4,1,Monday
2013-04-08,1553.26001,1563.069946,1548.630005,1563.069946,1563.069946,2887120000,2013,4,8,Monday
2013-04-15,1588.839966,1588.839966,1552.280029,1552.359985,1552.359985,4660130000,2013,4,15,Monday
2013-04-22,1555.25,1565.550049,1548.189941,1562.5,1562.5,2979880000,2013,4,22,Monday
2013-04-29,1582.339966,1596.650024,1582.339966,1593.609985,1593.609985,2891200000,2013,4,29,Monday
2013-05-06,1614.400024,1619.77002,1614.209961,1617.5,1617.5,3062240000,2013,5,6,Monday
2013-05-13,1632.099976,1636.0,1626.73999,1633.77002,1633.77002,2910600000,2013,5,13,Monday
2013-05-20,1665.709961,1672.839966,1663.52002,1666.290039,1666.290039,3275080000,2013,5,20,Monday
2013-06-03,1631.709961,1640.420044,1622.719971,1640.420044,1640.420044,3952070000,2013,6,3,Monday
2013-06-10,1644.670044,1648.689941,1639.26001,1642.810059,1642.810059,2978730000,2013,6,10,Monday
2013-06-17,1630.640015,1646.5,1630.339966,1639.040039,1639.040039,3137080000,2013,6,17,Monday
2013-06-24,1588.77002,1588.77002,1560.329956,1573.089966,1573.089966,4733660000,2013,6,24,Monday
2013-07-01,1609.780029,1626.609985,1609.780029,1614.959961,1614.959961,3104690000,2013,7,1,Monday
2013-07-08,1634.199951,1644.680054,1634.199951,1640.459961,1640.459961,3514590000,2013,7,8,Monday
2013-07-15,1679.589966,1684.5100100000002,1677.890015,1682.5,1682.5,2623200000,2013,7,15,Monday
2013-07-22,1694.410034,1697.609985,1690.6700440000002,1695.530029,1695.530029,2779130000,2013,7,22,Monday
2013-07-29,1690.319946,1690.9200440000002,1681.859985,1685.3299559999998,1685.3299559999998,2840520000,2013,7,29,Monday
2013-08-05,1708.0100100000002,1709.2399899999998,1703.550049,1707.140015,1707.140015,2529300000,2013,8,5,Monday
2013-08-12,1688.369995,1691.4899899999998,1683.3499760000002,1689.469971,1689.469971,2789160000,2013,8,12,Monday
2013-08-19,1655.25,1659.180054,1645.839966,1646.060059,1646.060059,2904530000,2013,8,19,Monday
2013-08-26,1664.290039,1669.51001,1656.02002,1656.780029,1656.780029,2430670000,2013,8,26,Monday
2013-09-09,1656.849976,1672.400024,1656.849976,1671.709961,1671.709961,3102780000,2013,9,9,Monday
2013-09-16,1691.699951,1704.949951,1691.699951,1697.5999760000002,1697.5999760000002,3079800000,2013,9,16,Monday
2013-09-23,1711.439941,1711.439941,1697.0999760000002,1701.839966,1701.839966,3126950000,2013,9,23,Monday
2013-09-30,1687.2600100000002,1687.2600100000002,1674.98999,1681.550049,1681.550049,3308630000,2013,9,30,Monday
2013-10-07,1687.1500239999998,1687.1500239999998,1674.699951,1676.119995,1676.119995,2678490000,2013,10,7,Monday
2013-10-14,1699.859985,1711.030029,1692.130005,1710.140015,1710.140015,2580580000,2013,10,14,Monday
2013-10-21,1745.199951,1747.790039,1740.6700440000002,1744.660034,1744.660034,3052710000,2013,10,21,Monday
2013-10-28,1759.4200440000002,1764.9899899999998,1757.6700440000002,1762.109985,1762.109985,3282300000,2013,10,28,Monday
2013-11-04,1763.4000239999998,1768.780029,1761.560059,1767.930054,1767.930054,3194870000,2013,11,4,Monday
2013-11-11,1769.959961,1773.439941,1767.8499760000002,1771.890015,1771.890015,2534060000,2013,11,11,Monday
2013-11-18,1798.819946,1802.3299559999998,1788.0,1791.530029,1791.530029,3168520000,2013,11,18,Monday
2013-11-25,1806.3299559999998,1808.0999760000002,1800.5799559999998,1802.47998,1802.47998,2998540000,2013,11,25,Monday
2013-12-02,1806.550049,1810.02002,1798.5999760000002,1800.9000239999998,1800.9000239999998,3095430000,2013,12,2,Monday
2013-12-09,1806.209961,1811.52002,1806.209961,1808.369995,1808.369995,3129500000,2013,12,9,Monday
2013-12-16,1777.47998,1792.219971,1777.47998,1786.540039,1786.540039,3209890000,2013,12,16,Monday
2013-12-23,1822.9200440000002,1829.75,1822.9200440000002,1827.9899899999998,1827.9899899999998,2851540000,2013,12,23,Monday
2013-12-30,1841.469971,1842.469971,1838.77002,1841.069946,1841.069946,2293860000,2013,12,30,Monday
2014-01-06,1832.310059,1837.160034,1823.72998,1826.77002,1826.77002,3294850000,2014,1,6,Monday
2014-01-13,1841.2600100000002,1843.449951,1815.52002,1819.199951,1819.199951,3591350000,2014,1,13,Monday
2014-01-27,1791.030029,1795.97998,1772.880005,1781.560059,1781.560059,4045200000,2014,1,27,Monday
2014-02-03,1782.680054,1784.8299559999998,1739.660034,1741.890015,1741.890015,4726040000,2014,2,3,Monday
2014-02-10,1796.199951,1799.939941,1791.8299559999998,1799.839966,1799.839966,3312160000,2014,2,10,Monday
2014-02-24,1836.780029,1858.709961,1836.780029,1847.609985,1847.609985,4014530000,2014,2,24,Monday
2014-03-03,1857.680054,1857.680054,1834.439941,1845.72998,1845.72998,3428220000,2014,3,3,Monday
2014-03-10,1877.859985,1877.869995,1867.040039,1877.1700440000002,1877.1700440000002,3021350000,2014,3,10,Monday
2014-03-17,1842.810059,1862.300049,1842.810059,1858.8299559999998,1858.8299559999998,2860490000,2014,3,17,Monday
2014-03-24,1867.6700440000002,1873.339966,1849.689941,1857.439941,1857.439941,3409000000,2014,3,24,Monday
2014-03-31,1859.160034,1875.180054,1859.160034,1872.339966,1872.339966,3274300000,2014,3,31,Monday
2014-04-07,1863.9200440000002,1864.040039,1841.47998,1845.040039,1845.040039,3801540000,2014,4,7,Monday
2014-04-14,1818.180054,1834.189941,1815.800049,1830.609985,1830.609985,3111540000,2014,4,14,Monday
2014-04-21,1865.790039,1871.890015,1863.180054,1871.890015,1871.890015,2642500000,2014,4,21,Monday
2014-04-28,1865.0,1877.0100100000002,1850.609985,1869.430054,1869.430054,4034680000,2014,4,28,Monday
2014-05-05,1879.449951,1885.5100100000002,1866.77002,1884.660034,1884.660034,2733730000,2014,5,5,Monday
2014-05-12,1880.030029,1897.130005,1880.030029,1896.6500239999998,1896.6500239999998,3005740000,2014,5,12,Monday
2014-05-19,1876.660034,1886.0,1872.4200440000002,1885.0799559999998,1885.0799559999998,2664250000,2014,5,19,Monday
2014-06-02,1923.869995,1925.880005,1915.97998,1924.969971,1924.969971,2509020000,2014,6,2,Monday
2014-06-09,1948.969971,1955.550049,1947.160034,1951.27002,1951.27002,2812180000,2014,6,9,Monday
2014-06-16,1934.839966,1941.1500239999998,1930.910034,1937.780029,1937.780029,2926130000,2014,6,16,Monday
2014-06-23,1962.9200440000002,1963.7399899999998,1958.890015,1962.609985,1962.609985,2717630000,2014,6,23,Monday
2014-06-30,1960.790039,1964.2399899999998,1958.219971,1960.22998,1960.22998,3037350000,2014,6,30,Monday
2014-07-07,1984.219971,1984.219971,1974.880005,1977.6500239999998,1977.6500239999998,2681260000,2014,7,7,Monday
2014-07-14,1969.859985,1979.8499760000002,1969.859985,1977.0999760000002,1977.0999760000002,2744920000,2014,7,14,Monday
2014-07-21,1976.930054,1976.930054,1965.77002,1973.630005,1973.630005,2611160000,2014,7,21,Monday
2014-07-28,1978.25,1981.52002,1967.310059,1978.910034,1978.910034,2803320000,2014,7,28,Monday
2014-08-04,1926.619995,1942.9200440000002,1921.199951,1938.9899899999998,1938.9899899999998,3072920000,2014,8,4,Monday
2014-08-11,1933.430054,1944.9000239999998,1933.430054,1936.9200440000002,1936.9200440000002,2784890000,2014,8,11,Monday
2014-08-18,1958.359985,1971.9899899999998,1958.359985,1971.7399899999998,1971.7399899999998,2638160000,2014,8,18,Monday
2014-08-25,1991.7399899999998,2001.949951,1991.7399899999998,1997.9200440000002,1997.9200440000002,2233880000,2014,8,25,Monday
2014-09-08,2007.1700440000002,2007.1700440000002,1995.5999760000002,2001.540039,2001.540039,2789090000,2014,9,8,Monday
2014-09-15,1986.040039,1987.180054,1978.47998,1984.130005,1984.130005,2776530000,2014,9,15,Monday
2014-09-22,2009.0799559999998,2009.0799559999998,1991.0100100000002,1994.290039,1994.290039,3349670000,2014,9,22,Monday
2014-09-29,1978.959961,1981.280029,1964.040039,1977.800049,1977.800049,3094440000,2014,9,29,Monday
2014-10-06,1970.0100100000002,1977.839966,1958.430054,1964.819946,1964.819946,3358220000,2014,10,6,Monday
2014-10-13,1905.6500239999998,1912.089966,1874.140015,1874.7399899999998,1874.7399899999998,4352580000,2014,10,13,Monday
2014-10-20,1885.619995,1905.030029,1882.300049,1904.0100100000002,1904.0100100000002,3331210000,2014,10,20,Monday
2014-10-27,1962.969971,1964.640015,1951.369995,1961.630005,1961.630005,3538860000,2014,10,27,Monday
2014-11-03,2018.209961,2024.459961,2013.680054,2017.810059,2017.810059,3555440000,2014,11,3,Monday
2014-11-10,2032.0100100000002,2038.699951,2030.1700440000002,2038.2600100000002,2038.2600100000002,3284940000,2014,11,10,Monday
2014-11-17,2038.290039,2043.069946,2034.459961,2041.319946,2041.319946,3152890000,2014,11,17,Monday
2014-11-24,2065.070068,2070.169922,2065.070068,2069.409912,2069.409912,3128060000,2014,11,24,Monday
2014-12-01,2065.780029,2065.780029,2049.570068,2053.439941,2053.439941,4159010000,2014,12,1,Monday
2014-12-08,2074.840088,2075.780029,2054.27002,2060.310059,2060.310059,3800990000,2014,12,8,Monday
2014-12-15,2005.030029,2018.689941,1982.2600100000002,1989.630005,1989.630005,4361990000,2014,12,15,Monday
2014-12-22,2069.280029,2078.76001,2069.280029,2078.540039,2078.540039,3369520000,2014,12,22,Monday
2014-12-29,2087.6298829999996,2093.550049,2085.75,2090.570068,2090.570068,2452360000,2014,12,29,Monday
2015-01-05,2054.439941,2054.439941,2017.339966,2020.5799559999998,2020.5799559999998,3799120000,2015,1,5,Monday
2015-01-12,2046.130005,2049.300049,2022.5799559999998,2028.2600100000002,2028.2600100000002,3456460000,2015,1,12,Monday
2015-01-26,2050.419922,2057.6201170000004,2040.969971,2057.090088,2057.090088,3465760000,2015,1,26,Monday
2015-02-02,1996.6700440000002,2021.660034,1980.9000239999998,2020.8499760000002,2020.8499760000002,4008330000,2015,2,2,Monday
2015-02-09,2053.469971,2056.159912,2041.880005,2046.7399899999998,2046.7399899999998,3549540000,2015,2,9,Monday
2015-02-23,2109.830078,2110.050049,2103.0,2109.659912,2109.659912,3093680000,2015,2,23,Monday
2015-03-02,2105.22998,2117.52002,2104.5,2117.389893,2117.389893,3409490000,2015,3,2,Monday
2015-03-09,2072.25,2083.48999,2072.209961,2079.429932,2079.429932,3349090000,2015,3,9,Monday
2015-03-16,2055.350098,2081.409912,2055.350098,2081.189941,2081.189941,3295600000,2015,3,16,Monday
2015-03-23,2107.98999,2114.860107,2104.419922,2104.419922,2104.419922,3267960000,2015,3,23,Monday
2015-03-30,2064.110107,2088.969971,2064.110107,2086.23999,2086.23999,2917690000,2015,3,30,Monday
2015-04-06,2064.8701170000004,2086.98999,2056.52002,2080.6201170000004,2080.6201170000004,3302970000,2015,4,6,Monday
2015-04-13,2102.030029,2107.649902,2092.330078,2092.429932,2092.429932,2908420000,2015,4,13,Monday
2015-04-20,2084.110107,2103.939941,2084.110107,2100.399902,2100.399902,3000160000,2015,4,20,Monday
2015-04-27,2119.290039,2125.919922,2107.040039,2108.919922,2108.919922,3438750000,2015,4,27,Monday
2015-05-04,2110.22998,2120.949951,2110.22998,2114.48999,2114.48999,3091580000,2015,5,4,Monday
2015-05-11,2115.560059,2117.689941,2104.580078,2105.330078,2105.330078,2992670000,2015,5,11,Monday
2015-05-18,2121.300049,2131.780029,2120.01001,2129.199951,2129.199951,2888190000,2015,5,18,Monday
2015-06-01,2108.639893,2119.149902,2102.540039,2111.72998,2111.72998,3011710000,2015,6,1,Monday
2015-06-08,2092.340088,2093.01001,2079.110107,2079.280029,2079.280029,2917150000,2015,6,8,Monday
2015-06-15,2091.340088,2091.340088,2072.48999,2084.429932,2084.429932,3061570000,2015,6,15,Monday
2015-06-22,2112.5,2129.8701170000004,2112.5,2122.850098,2122.850098,3030020000,2015,6,22,Monday
2015-06-29,2098.6298829999996,2098.6298829999996,2056.639893,2057.639893,2057.639893,3678960000,2015,6,29,Monday
2015-07-06,2073.949951,2078.610107,2058.399902,2068.76001,2068.76001,3486360000,2015,7,6,Monday
2015-07-13,2080.030029,2100.669922,2080.030029,2099.600098,2099.600098,3096730000,2015,7,13,Monday
2015-07-20,2126.850098,2132.820068,2123.659912,2128.280029,2128.280029,3245870000,2015,7,20,Monday
2015-07-27,2078.189941,2078.189941,2063.52002,2067.639893,2067.639893,3836750000,2015,7,27,Monday
2015-08-03,2104.48999,2105.699951,2087.310059,2098.040039,2098.040039,3476770000,2015,8,3,Monday
2015-08-10,2080.97998,2105.350098,2080.97998,2104.179932,2104.179932,3514460000,2015,8,10,Monday
2015-08-17,2089.699951,2102.8701170000004,2079.300049,2102.439941,2102.439941,2867690000,2015,8,17,Monday
2015-08-24,1965.1500239999998,1965.1500239999998,1867.0100100000002,1893.209961,1893.209961,6612690000,2015,8,24,Monday
2015-08-31,1986.72998,1986.72998,1965.97998,1972.180054,1972.180054,3915100000,2015,8,31,Monday
2015-09-14,1963.060059,1963.060059,1948.27002,1953.030029,1953.030029,3000200000,2015,9,14,Monday
2015-09-21,1960.839966,1979.640015,1955.800049,1966.969971,1966.969971,3269350000,2015,9,21,Monday
2015-09-28,1929.180054,1929.180054,1879.209961,1881.77002,1881.77002,4326660000,2015,9,28,Monday
2015-10-05,1954.3299559999998,1989.1700440000002,1954.3299559999998,1987.050049,1987.050049,4334490000,2015,10,5,Monday
2015-10-12,2015.6500239999998,2018.660034,2010.550049,2017.459961,2017.459961,2893250000,2015,10,12,Monday
2015-10-19,2031.72998,2034.449951,2022.310059,2033.660034,2033.660034,3287320000,2015,10,19,Monday
2015-10-26,2075.080078,2075.139893,2066.530029,2071.179932,2071.179932,3385800000,2015,10,26,Monday
2015-11-02,2080.76001,2106.199951,2080.76001,2104.050049,2104.050049,3760020000,2015,11,2,Monday
2015-11-09,2096.560059,2096.560059,2068.23999,2078.580078,2078.580078,3882350000,2015,11,9,Monday
2015-11-16,2022.0799559999998,2053.219971,2019.390015,2053.189941,2053.189941,3741240000,2015,11,16,Monday
2015-11-23,2089.409912,2095.610107,2081.389893,2086.590088,2086.590088,3587980000,2015,11,23,Monday
2015-11-30,2090.949951,2093.810059,2080.409912,2080.409912,2080.409912,4275030000,2015,11,30,Monday
2015-12-07,2090.419922,2090.419922,2066.780029,2077.070068,2077.070068,4043820000,2015,12,7,Monday
2015-12-14,2013.369995,2022.9200440000002,1993.2600100000002,2021.939941,2021.939941,4612440000,2015,12,14,Monday
2015-12-21,2010.27002,2022.9000239999998,2005.930054,2021.1500239999998,2021.1500239999998,3760280000,2015,12,21,Monday
2015-12-28,2057.77002,2057.77002,2044.199951,2056.5,2056.5,2492510000,2015,12,28,Monday
2016-01-04,2038.199951,2038.199951,1989.680054,2012.660034,2012.660034,4304880000,2016,1,4,Monday
2016-01-11,1926.119995,1935.6500239999998,1901.0999760000002,1923.6700440000002,1923.6700440000002,4607290000,2016,1,11,Monday
2016-01-25,1906.280029,1906.280029,1875.969971,1877.0799559999998,1877.0799559999998,4401380000,2016,1,25,Monday
2016-02-01,1936.939941,1947.199951,1920.300049,1939.380005,1939.380005,4322530000,2016,2,1,Monday
2016-02-08,1873.25,1873.25,1828.459961,1853.439941,1853.439941,5636460000,2016,2,8,Monday
2016-02-22,1924.439941,1946.699951,1924.439941,1945.5,1945.5,4054710000,2016,2,22,Monday
2016-02-29,1947.130005,1958.27002,1931.810059,1932.22998,1932.22998,4588180000,2016,2,29,Monday
2016-03-07,1996.109985,2006.119995,1989.380005,2001.7600100000002,2001.7600100000002,4968180000,2016,3,7,Monday
2016-03-14,2019.27002,2024.569946,2012.050049,2019.640015,2019.640015,3487850000,2016,3,14,Monday
2016-03-21,2047.880005,2053.909912,2043.140015,2051.600098,2051.600098,3376600000,2016,3,21,Monday
2016-03-28,2037.890015,2042.6700440000002,2031.959961,2037.050049,2037.050049,2809090000,2016,3,28,Monday
2016-04-04,2073.189941,2074.02002,2062.570068,2066.1298829999996,2066.1298829999996,3485710000,2016,4,4,Monday
2016-04-11,2050.22998,2062.929932,2041.880005,2041.9899899999998,2041.9899899999998,3567840000,2016,4,11,Monday
2016-04-18,2078.830078,2094.659912,2073.649902,2094.340088,2094.340088,3316880000,2016,4,18,Monday
2016-04-25,2089.3701170000004,2089.3701170000004,2077.52002,2087.790039,2087.790039,3319740000,2016,4,25,Monday
2016-05-02,2067.169922,2083.419922,2066.110107,2081.429932,2081.429932,3841110000,2016,5,2,Monday
2016-05-09,2057.550049,2064.149902,2054.310059,2058.689941,2058.689941,3788620000,2016,5,9,Monday
2016-05-16,2046.530029,2071.8798829999996,2046.530029,2066.659912,2066.659912,3501360000,2016,5,16,Monday
2016-05-23,2052.22998,2055.580078,2047.2600100000002,2048.040039,2048.040039,3055480000,2016,5,23,Monday
2016-06-06,2100.830078,2113.360107,2100.830078,2109.409912,2109.409912,3442020000,2016,6,6,Monday
2016-06-13,2091.75,2098.1201170000004,2078.459961,2079.060059,2079.060059,3392030000,2016,6,13,Monday
2016-06-20,2075.580078,2100.659912,2075.580078,2083.25,2083.25,3467440000,2016,6,20,Monday
2016-06-27,2031.449951,2031.449951,1991.680054,2000.540039,2000.540039,5431220000,2016,6,27,Monday
2016-07-11,2131.719971,2143.159912,2131.719971,2137.159912,2137.159912,3253340000,2016,7,11,Monday
2016-07-18,2162.040039,2168.350098,2159.6298829999996,2166.889893,2166.889893,3009310000,2016,7,18,Monday
2016-07-25,2173.709961,2173.709961,2161.949951,2168.47998,2168.47998,3057240000,2016,7,25,Monday
2016-08-01,2173.149902,2178.290039,2166.209961,2170.840088,2170.840088,3505990000,2016,8,1,Monday
2016-08-08,2183.76001,2185.439941,2177.850098,2180.889893,2180.889893,3327550000,2016,8,8,Monday
2016-08-15,2186.080078,2193.810059,2186.080078,2190.149902,2190.149902,3078530000,2016,8,15,Monday
2016-08-22,2181.580078,2185.149902,2175.959961,2182.639893,2182.639893,2777550000,2016,8,22,Monday
2016-08-29,2170.189941,2183.47998,2170.189941,2180.3798829999996,2180.3798829999996,2654780000,2016,8,29,Monday
2016-09-12,2120.860107,2163.300049,2119.1201170000004,2159.040039,2159.040039,4010480000,2016,9,12,Monday
2016-09-19,2143.98999,2153.610107,2135.909912,2139.1201170000004,2139.1201170000004,3163000000,2016,9,19,Monday
2016-09-26,2158.540039,2158.540039,2145.040039,2146.100098,2146.100098,3216170000,2016,9,26,Monday
2016-10-03,2164.330078,2164.409912,2154.77002,2161.199951,2161.199951,3137550000,2016,10,3,Monday
2016-10-10,2160.389893,2169.600098,2160.389893,2163.659912,2163.659912,2916550000,2016,10,10,Monday
2016-10-17,2132.949951,2135.610107,2124.429932,2126.5,2126.5,2830390000,2016,10,17,Monday
2016-10-24,2148.5,2154.790039,2146.909912,2151.330078,2151.330078,3357320000,2016,10,24,Monday
2016-10-31,2129.780029,2133.25,2125.530029,2126.149902,2126.149902,3922400000,2016,10,31,Monday
2016-11-07,2100.590088,2132.0,2100.590088,2131.52002,2131.52002,3736060000,2016,11,7,Monday
2016-11-14,2165.639893,2171.360107,2156.080078,2164.199951,2164.199951,5367200000,2016,11,14,Monday
2016-11-21,2186.429932,2198.699951,2186.429932,2198.179932,2198.179932,3607010000,2016,11,21,Monday
2016-11-28,2210.209961,2211.139893,2200.360107,2201.719971,2201.719971,3505650000,2016,11,28,Monday
2016-12-05,2200.649902,2209.419922,2199.969971,2204.709961,2204.709961,3895230000,2016,12,5,Monday
2016-12-12,2258.830078,2264.030029,2252.3701170000004,2256.959961,2256.959961,4034510000,2016,12,12,Monday
2016-12-19,2259.23999,2267.469971,2258.209961,2262.530029,2262.530029,3248370000,2016,12,19,Monday
2017-01-09,2273.590088,2275.48999,2268.899902,2268.899902,2268.899902,3217610000,2017,1,9,Monday
2017-01-23,2267.780029,2271.780029,2257.02002,2265.199951,2265.199951,3152710000,2017,1,23,Monday
2017-01-30,2286.01001,2286.01001,2268.040039,2280.899902,2280.899902,3591270000,2017,1,30,Monday
2017-02-06,2294.280029,2296.179932,2288.570068,2292.560059,2292.560059,3109050000,2017,2,6,Monday
2017-02-13,2321.719971,2331.580078,2321.419922,2328.25,2328.25,3349730000,2017,2,13,Monday
2017-02-27,2365.22998,2371.540039,2361.8701170000004,2369.75,2369.75,3582610000,2017,2,27,Monday
2017-03-06,2375.22998,2378.800049,2367.97998,2375.310059,2375.310059,3232700000,2017,3,6,Monday
2017-03-13,2371.560059,2374.419922,2368.52002,2373.469971,2373.469971,3133900000,2017,3,13,Monday
2017-03-20,2378.23999,2379.550049,2369.659912,2373.469971,2373.469971,3054930000,2017,3,20,Monday
2017-03-27,2329.110107,2344.899902,2322.25,2341.590088,2341.590088,3240230000,2017,3,27,Monday
2017-04-03,2362.340088,2365.8701170000004,2344.72998,2358.840088,2358.840088,3416400000,2017,4,3,Monday
2017-04-10,2357.159912,2366.3701170000004,2351.5,2357.159912,2357.159912,2785410000,2017,4,10,Monday
2017-04-17,2332.6201170000004,2349.139893,2332.51001,2349.01001,2349.01001,2824710000,2017,4,17,Monday
2017-04-24,2370.330078,2376.97998,2369.189941,2374.149902,2374.149902,3690650000,2017,4,24,Monday
2017-05-01,2388.5,2394.48999,2384.830078,2388.330078,2388.330078,3199240000,2017,5,1,Monday
2017-05-08,2399.939941,2401.360107,2393.919922,2399.3798829999996,2399.3798829999996,3429440000,2017,5,8,Monday
2017-05-15,2393.97998,2404.050049,2393.939941,2402.320068,2402.320068,3473600000,2017,5,15,Monday
2017-05-22,2387.209961,2395.459961,2386.919922,2394.02002,2394.02002,3172830000,2017,5,22,Monday
2017-06-05,2437.830078,2439.550049,2434.320068,2436.100098,2436.100098,2912600000,2017,6,5,Monday
2017-06-12,2425.8798829999996,2430.3798829999996,2419.969971,2429.389893,2429.389893,4027750000,2017,6,12,Monday
2017-06-19,2442.550049,2453.820068,2441.790039,2453.459961,2453.459961,3264700000,2017,6,19,Monday
2017-06-26,2443.320068,2450.419922,2437.030029,2439.070068,2439.070068,3238970000,2017,6,26,Monday
2017-07-03,2431.389893,2439.169922,2428.689941,2429.01001,2429.01001,1962290000,2017,7,3,Monday
2017-07-10,2424.51001,2432.0,2422.27002,2427.429932,2427.429932,2999130000,2017,7,10,Monday
2017-07-17,2459.5,2462.820068,2457.159912,2459.139893,2459.139893,2793170000,2017,7,17,Monday
2017-07-24,2472.040039,2473.100098,2466.320068,2469.909912,2469.909912,3010240000,2017,7,24,Monday
2017-07-31,2475.939941,2477.959961,2468.530029,2470.300049,2470.300049,3469210000,2017,7,31,Monday
2017-08-07,2477.139893,2480.949951,2475.8798829999996,2480.909912,2480.909912,2931780000,2017,8,7,Monday
2017-08-14,2454.959961,2468.219971,2454.959961,2465.840088,2465.840088,2822550000,2017,8,14,Monday
2017-08-21,2425.5,2430.580078,2417.350098,2428.3701170000004,2428.3701170000004,2788150000,2017,8,21,Monday
2017-08-28,2447.350098,2449.1201170000004,2439.030029,2444.23999,2444.23999,2677700000,2017,8,28,Monday
2017-09-11,2474.52002,2488.949951,2474.52002,2488.110107,2488.110107,3291760000,2017,9,11,Monday
2017-09-18,2502.51001,2508.320068,2499.919922,2503.8701170000004,2503.8701170000004,3194300000,2017,9,18,Monday
2017-09-25,2499.389893,2502.540039,2488.030029,2496.659912,2496.659912,3297890000,2017,9,25,Monday
2017-10-02,2521.199951,2529.22998,2520.399902,2529.1201170000004,2529.1201170000004,3199730000,2017,10,2,Monday
2017-10-09,2551.389893,2551.820068,2541.600098,2544.72998,2544.72998,2483970000,2017,10,9,Monday
2017-10-16,2555.570068,2559.469971,2552.639893,2557.639893,2557.639893,2916020000,2017,10,16,Monday
2017-10-23,2578.080078,2578.290039,2564.330078,2564.97998,2564.97998,3211710000,2017,10,23,Monday
2017-10-30,2577.75,2580.030029,2568.25,2572.830078,2572.830078,3658870000,2017,10,30,Monday
2017-11-06,2587.469971,2593.3798829999996,2585.659912,2591.1298829999996,2591.1298829999996,3539080000,2017,11,6,Monday
2017-11-13,2576.530029,2587.659912,2574.47998,2584.840088,2584.840088,3402930000,2017,11,13,Monday
2017-11-20,2579.48999,2584.639893,2578.23999,2582.139893,2582.139893,3003540000,2017,11,20,Monday
2017-11-27,2602.659912,2606.409912,2598.8701170000004,2601.419922,2601.419922,3006860000,2017,11,27,Monday
2017-12-04,2657.189941,2665.189941,2639.030029,2639.439941,2639.439941,4023150000,2017,12,4,Monday
2017-12-11,2652.189941,2660.330078,2651.469971,2659.98999,2659.98999,3091950000,2017,12,11,Monday
2017-12-18,2685.919922,2694.969971,2685.919922,2690.159912,2690.159912,3724660000,2017,12,18,Monday
2018-01-08,2742.669922,2748.51001,2737.600098,2747.709961,2747.709961,3242650000,2018,1,8,Monday
2018-01-22,2809.159912,2833.030029,2808.1201170000004,2832.969971,2832.969971,3471780000,2018,1,22,Monday
2018-01-29,2867.22998,2870.6201170000004,2851.47998,2853.530029,2853.530029,3573830000,2018,1,29,Monday
2018-02-05,2741.060059,2763.389893,2638.169922,2648.939941,2648.939941,5283460000,2018,2,5,Monday
2018-02-12,2636.75,2672.610107,2622.449951,2656.0,2656.0,4055790000,2018,2,12,Monday
2018-02-26,2757.3701170000004,2780.639893,2753.780029,2779.600098,2779.600098,3424650000,2018,2,26,Monday
2018-03-05,2681.060059,2728.090088,2675.75,2720.939941,2720.939941,3710810000,2018,3,5,Monday
2018-03-12,2790.540039,2796.97998,2779.26001,2783.02002,2783.02002,3185020000,2018,3,12,Monday
2018-03-19,2741.3798829999996,2741.3798829999996,2694.590088,2712.919922,2712.919922,3302130000,2018,3,19,Monday
2018-03-26,2619.350098,2661.360107,2601.810059,2658.550049,2658.550049,3511100000,2018,3,26,Monday
2018-04-02,2633.449951,2638.300049,2553.800049,2581.8798829999996,2581.8798829999996,3598520000,2018,4,2,Monday
2018-04-09,2617.179932,2653.550049,2610.790039,2613.159912,2613.159912,3062960000,2018,4,9,Monday
2018-04-16,2670.100098,2686.48999,2665.159912,2677.840088,2677.840088,3019700000,2018,4,16,Monday
2018-04-23,2675.399902,2682.860107,2657.98999,2670.290039,2670.290039,3017480000,2018,4,23,Monday
2018-04-30,2682.51001,2682.8701170000004,2648.040039,2648.050049,2648.050049,3734530000,2018,4,30,Monday
2018-05-07,2680.340088,2683.350098,2664.699951,2672.6298829999996,2672.6298829999996,3237960000,2018,5,7,Monday
2018-05-14,2738.469971,2742.100098,2725.469971,2730.1298829999996,2730.1298829999996,2972660000,2018,5,14,Monday
2018-05-21,2735.389893,2739.189941,2725.699951,2733.01001,2733.01001,3019890000,2018,5,21,Monday
2018-06-04,2741.669922,2749.159912,2740.540039,2746.8701170000004,2746.8701170000004,3376510000,2018,6,4,Monday
2018-06-11,2780.179932,2790.209961,2780.169922,2782.0,2782.0,3232330000,2018,6,11,Monday
2018-06-18,2765.790039,2774.98999,2757.1201170000004,2773.75,2773.75,3287150000,2018,6,18,Monday
2018-06-25,2742.939941,2742.939941,2698.669922,2717.070068,2717.070068,3655080000,2018,6,25,Monday
2018-07-02,2704.949951,2727.26001,2698.949951,2726.709961,2726.709961,3073650000,2018,7,2,Monday
2018-07-09,2775.6201170000004,2784.649902,2770.72998,2784.169922,2784.169922,3050040000,2018,7,9,Monday
2018-07-16,2797.360107,2801.189941,2793.389893,2798.429932,2798.429932,2812230000,2018,7,16,Monday
2018-07-23,2799.169922,2808.610107,2795.139893,2806.97998,2806.97998,2907430000,2018,7,23,Monday
2018-07-30,2819.0,2821.73999,2798.110107,2802.600098,2802.600098,3245770000,2018,7,30,Monday
2018-08-06,2840.290039,2853.290039,2835.97998,2850.399902,2850.399902,2874540000,2018,8,6,Monday
2018-08-13,2835.459961,2843.399902,2819.8798829999996,2821.929932,2821.929932,3158450000,2018,8,13,Monday
2018-08-20,2853.929932,2859.76001,2850.6201170000004,2857.050049,2857.050049,2748020000,2018,8,20,Monday
2018-08-27,2884.689941,2898.25,2884.689941,2896.73999,2896.73999,2854080000,2018,8,27,Monday
2018-09-10,2881.389893,2886.929932,2875.939941,2877.1298829999996,2877.1298829999996,2731400000,2018,9,10,Monday
2018-09-17,2903.830078,2904.649902,2886.159912,2888.800049,2888.800049,2947760000,2018,9,17,Monday
2018-09-24,2921.830078,2923.790039,2912.6298829999996,2919.3701170000004,2919.3701170000004,3372210000,2018,9,24,Monday
2018-10-01,2926.290039,2937.060059,2917.909912,2924.590088,2924.590088,3364190000,2018,10,1,Monday
2018-10-08,2877.530029,2889.449951,2862.080078,2884.429932,2884.429932,3330320000,2018,10,8,Monday
2018-10-15,2763.830078,2775.98999,2749.030029,2750.790039,2750.790039,3300140000,2018,10,15,Monday
2018-10-22,2773.939941,2778.939941,2749.219971,2755.8798829999996,2755.8798829999996,3307140000,2018,10,22,Monday
2018-10-29,2682.649902,2706.850098,2603.540039,2641.25,2641.25,4673700000,2018,10,29,Monday
2018-11-05,2726.3701170000004,2744.27002,2717.939941,2738.310059,2738.310059,3623320000,2018,11,5,Monday
2018-11-12,2773.929932,2775.98999,2722.0,2726.219971,2726.219971,3670930000,2018,11,12,Monday
2018-11-19,2730.73999,2733.159912,2681.090088,2690.72998,2690.72998,3772900000,2018,11,19,Monday
2018-11-26,2649.969971,2674.350098,2649.969971,2673.449951,2673.449951,3443950000,2018,11,26,Monday
2018-12-03,2790.5,2800.179932,2773.3798829999996,2790.3701170000004,2790.3701170000004,4186060000,2018,12,3,Monday
2018-12-10,2630.860107,2647.51001,2583.22998,2637.719971,2637.719971,4151030000,2018,12,10,Monday
2018-12-17,2590.75,2601.1298829999996,2530.540039,2545.939941,2545.939941,4616350000,2018,12,17,Monday
2018-12-24,2400.560059,2410.340088,2351.100098,2351.100098,2351.100098,2613930000,2018,12,24,Monday
2018-12-31,2498.939941,2509.23999,2482.820068,2506.850098,2506.850098,3442870000,2018,12,31,Monday
2019-01-07,2535.610107,2566.159912,2524.560059,2549.689941,2549.689941,4104710000,2019,1,7,Monday
2019-01-14,2580.310059,2589.320068,2570.409912,2582.610107,2582.610107,3664450000,2019,1,14,Monday
2019-01-28,2644.969971,2644.969971,2624.060059,2643.850098,2643.850098,3612810000,2019,1,28,Monday
2019-02-04,2706.48999,2724.98999,2698.75,2724.8701170000004,2724.8701170000004,3359840000,2019,2,4,Monday
2019-02-11,2712.399902,2718.050049,2703.790039,2709.800049,2709.800049,3361970000,2019,2,11,Monday
2019-02-25,2804.350098,2813.48999,2794.98999,2796.110107,2796.110107,3804380000,2019,2,25,Monday
2019-03-04,2814.3701170000004,2816.8798829999996,2767.659912,2792.810059,2792.810059,3919810000,2019,3,4,Monday
2019-03-11,2747.610107,2784.0,2747.610107,2783.300049,2783.300049,3749030000,2019,3,11,Monday
2019-03-18,2822.610107,2835.409912,2821.98999,2832.939941,2832.939941,3552190000,2019,3,18,Monday
2019-03-25,2796.01001,2809.790039,2785.02002,2798.360107,2798.360107,3376580000,2019,3,25,Monday
2019-04-01,2848.6298829999996,2869.399902,2848.6298829999996,2867.189941,2867.189941,3500760000,2019,4,1,Monday
2019-04-08,2888.459961,2895.949951,2880.780029,2895.77002,2895.77002,3054030000,2019,4,8,Monday
2019-04-15,2908.320068,2909.600098,2896.47998,2905.580078,2905.580078,3088330000,2019,4,15,Monday
2019-04-22,2898.780029,2909.51001,2896.350098,2907.969971,2907.969971,2997950000,2019,4,22,Monday
2019-04-29,2940.580078,2949.52002,2939.350098,2943.030029,2943.030029,3118780000,2019,4,29,Monday
2019-05-06,2908.889893,2937.320068,2898.209961,2932.469971,2932.469971,3181520000,2019,5,6,Monday
2019-05-13,2840.189941,2840.189941,2801.429932,2811.8701170000004,2811.8701170000004,3894030000,2019,5,13,Monday
2019-05-20,2841.939941,2853.860107,2831.290039,2840.22998,2840.22998,3288870000,2019,5,20,Monday
2019-06-03,2751.530029,2763.070068,2728.810059,2744.449951,2744.449951,3966700000,2019,6,3,Monday
2019-06-10,2885.830078,2904.77002,2885.51001,2886.72998,2886.72998,3209210000,2019,6,10,Monday
2019-06-17,2889.75,2897.27002,2887.300049,2889.669922,2889.669922,2810140000,2019,6,17,Monday
2019-06-24,2951.419922,2954.919922,2944.050049,2945.350098,2945.350098,3136250000,2019,6,24,Monday
2019-07-01,2971.409912,2977.929932,2952.219971,2964.330078,2964.330078,3513270000,2019,7,1,Monday
2019-07-08,2979.77002,2980.76001,2970.090088,2975.949951,2975.949951,2904550000,2019,7,8,Monday
2019-07-15,3017.800049,3017.800049,3008.77002,3014.300049,3014.300049,2874970000,2019,7,15,Monday
2019-07-22,2981.929932,2990.709961,2976.649902,2985.030029,2985.030029,3003720000,2019,7,22,Monday
2019-07-29,3024.469971,3025.610107,3014.300049,3020.969971,3020.969971,3203710000,2019,7,29,Monday
2019-08-05,2898.070068,2898.070068,2822.1201170000004,2844.73999,2844.73999,4513730000,2019,8,5,Monday
2019-08-12,2907.070068,2907.580078,2873.139893,2882.699951,2882.699951,2851630000,2019,8,12,Monday
2019-08-19,2913.47998,2931.0,2913.47998,2923.649902,2923.649902,3212880000,2019,8,19,Monday
2019-08-26,2866.699951,2879.27002,2856.0,2878.3798829999996,2878.3798829999996,2857600000,2019,8,26,Monday
2019-09-09,2988.429932,2989.429932,2969.389893,2978.429932,2978.429932,4002890000,2019,9,9,Monday
2019-09-16,2996.409912,3002.189941,2990.669922,2997.959961,2997.959961,4274640000,2019,9,16,Monday
2019-09-23,2983.5,2999.149902,2982.22998,2991.780029,2991.780029,3186590000,2019,9,23,Monday
2019-09-30,2967.070068,2983.850098,2967.070068,2976.73999,2976.73999,3247610000,2019,9,30,Monday
2019-10-07,2944.22998,2959.75,2935.679932,2938.790039,2938.790039,2940140000,2019,10,7,Monday
